model,log_likelihood,aic,bic,num_params
GJR_t,-5088.5173544149775,10189.034708829955,10224.005326984901,6
GARCH_t,-5103.252564445278,10216.505128890556,10245.647310686343,5
GJR_normal,-5162.085243992871,10334.170487985743,10363.31266978153,5
GARCH_normal,-5190.875073717897,10389.750147435794,10413.063892872424,4
