model,log_likelihood,aic,bic,num_params
GJR_t,-8818.647431734526,17649.29486346905,17687.24233653987,6
GARCH_t,-8825.079642693632,17660.159285387264,17691.78217961295,5
GJR_normal,-8957.21238538016,17924.42477076032,17956.047664986007,5
GARCH_normal,-8968.80700802302,17945.61401604604,17970.91233142659,4
